<?xml version="1.0" encoding="UTF-8"?><module codename="org.openide.io">
    <module_version install_time="1493642879080" last="true" origin="installer" specification_version="1.48.1">
        <file crc="3834804485" name="config/Modules/org-openide-io.xml"/>
        <file crc="1013108326" name="modules/locale/org-openide-io_ja.jar"/>
        <file crc="1748936373" name="modules/locale/org-openide-io_pt_BR.jar"/>
        <file crc="1014089739" name="modules/locale/org-openide-io_ru.jar"/>
        <file crc="1778895875" name="modules/locale/org-openide-io_zh_CN.jar"/>
        <file crc="2890216637" name="modules/org-openide-io.jar"/>
    </module_version>
</module>
