<?xml version="1.0" encoding="UTF-8"?><module codename="org.netbeans.core.netigso">
    <module_version install_time="1493136113904" last="true" origin="installer" specification_version="1.30.1">
        <file crc="3723901005" name="config/Modules/org-netbeans-core-netigso.xml"/>
        <file crc="2745445836" name="modules/locale/org-netbeans-core-netigso_ja.jar"/>
        <file crc="199893687" name="modules/locale/org-netbeans-core-netigso_pt_BR.jar"/>
        <file crc="2916209767" name="modules/locale/org-netbeans-core-netigso_ru.jar"/>
        <file crc="4034886577" name="modules/locale/org-netbeans-core-netigso_zh_CN.jar"/>
        <file crc="1876761244" name="modules/org-netbeans-core-netigso.jar"/>
    </module_version>
</module>
